XOM,146.44
META,535.56
JPM,213.13
AAPL,232.17
AAPL,171.24
META,697.45
CVX,230.46
JPM,262.59
META,648.08
JPM,249.96
C,67.99
AMZN,198.91
AAPL,203.35
META,702.11
GS,401.67
FINANCE,112129.0
C,70.02
FINANCE,112332.0
XOM,130.17
XOM,127.62
GOOG,184.31
TECH,187081.0
AMZN,235.9
TECH,198178.0
AAPL,176.3
TECH,195473.0
AMZN,217.41
TECH,189926.0
CVX,175.67
GOOG,171.25
TECH,187314.0
C,87.04
FINANCE,114034.0
META,716.22
TECH,188725.0
AAPL,231.7
TECH,194265.0
AAPL,228.11
TECH,193906.0
C,89.65
FINANCE,114295.0
GOOG,218.95
TECH,203446.0
BP,635.49
ENERGY,238543.0
INDUSTRIALS,1236816.0
GOOG,165.68
TECH,192792.0
INDUSTRIALS,1215508.0
C,68.52
FINANCE,112182.0
INDUSTRIALS,1213395.0
JPM,264.65
FINANCE,113651.0
INDUSTRIALS,1214864.0
JPM,290.34
FINANCE,116220.0
INDUSTRIALS,1217433.0
CVX,195.6
ENERGY,242529.0
INDUSTRIALS,1229391.0
C,89.82
FINANCE,118350.0
INDUSTRIALS,1231521.0
C,87.97
FINANCE,118165.0
INDUSTRIALS,1231336.0
GOOG,154.5
TECH,190556.0
INDUSTRIALS,1226864.0
CVX,161.92
ENERGY,235793.0
INDUSTRIALS,1206656.0
META,628.73
TECH,181807.0
INDUSTRIALS,1189158.0
AMZN,184.22
TECH,171850.0
INDUSTRIALS,1169244.0
BP,703.51
ENERGY,256199.0
INDUSTRIALS,1230462.0
CVX,165.3
ENERGY,256875.0
INDUSTRIALS,1232490.0
GS,486.33
FINANCE,135097.0
INDUSTRIALS,1249422.0
BP,511.87
ENERGY,199383.0
INDUSTRIALS,1076946.0
AMZN,198.47
TECH,176125.0
INDUSTRIALS,1085496.0
BP,522.8
ENERGY,202662.0
INDUSTRIALS,1095333.0
C,72.66
FINANCE,133566.0
INDUSTRIALS,1093802.0
XOM,159.49
ENERGY,205849.0
INDUSTRIALS,1103363.0
AMZN,260.05
TECH,194599.0
INDUSTRIALS,1140311.0
GS,399.83
FINANCE,116266.0
INDUSTRIALS,1123011.0
GOOG,187.76
TECH,201251.0
INDUSTRIALS,1136315.0
C,77.36
FINANCE,116736.0
INDUSTRIALS,1136785.0
META,706.32
TECH,209010.0
INDUSTRIALS,1152303.0
GOOG,215.24
TECH,214506.0
INDUSTRIALS,1163295.0
BP,510.36
ENERGY,202117.0
INDUSTRIALS,1152099.0
CVX,226.64
ENERGY,214385.0
INDUSTRIALS,1188903.0
AMZN,223.63
TECH,203580.0
INDUSTRIALS,1167051.0
BP,516.59
ENERGY,216254.0
INDUSTRIALS,1172658.0
AMZN,205.43
TECH,198120.0
INDUSTRIALS,1161738.0
BP,629.06
ENERGY,249995.0
INDUSTRIALS,1262961.0
GS,566.9
FINANCE,150150.0
INDUSTRIALS,1296375.0
AAPL,238.03
TECH,199112.0
INDUSTRIALS,1298359.0
BP,666.92
ENERGY,261353.0
INDUSTRIALS,1332433.0
AMZN,198.48
TECH,197027.0
INDUSTRIALS,1328263.0
AMZN,186.5
TECH,193433.0
INDUSTRIALS,1321075.0
JPM,255.72
FINANCE,146688.0
INDUSTRIALS,1317613.0
C,89.91
FINANCE,147943.0
INDUSTRIALS,1318868.0
C,64.09
FINANCE,145361.0
INDUSTRIALS,1316286.0
META,533.81
TECH,176182.0
INDUSTRIALS,1281784.0
AMZN,188.57
TECH,176803.0
INDUSTRIALS,1283026.0
GS,578.42
FINANCE,147665.0
INDUSTRIALS,1285330.0
GOOG,207.94
TECH,175343.0
INDUSTRIALS,1282410.0
AAPL,193.29
TECH,170869.0
INDUSTRIALS,1273462.0
META,542.97
TECH,171785.0
INDUSTRIALS,1275294.0
C,68.42
FINANCE,148098.0
INDUSTRIALS,1275727.0
GS,442.46
FINANCE,120906.0
INDUSTRIALS,1248535.0
CVX,223.26
ENERGY,260677.0
INDUSTRIALS,1246507.0
META,541.24
TECH,171612.0
INDUSTRIALS,1246161.0
XOM,156.85
ENERGY,260413.0
INDUSTRIALS,1245369.0
AAPL,189.68
TECH,171251.0
INDUSTRIALS,1244647.0
GS,446.27
FINANCE,121668.0
INDUSTRIALS,1245409.0
JPM,212.88
FINANCE,117384.0
INDUSTRIALS,1241125.0
JPM,279.11
FINANCE,124007.0
INDUSTRIALS,1247748.0
JPM,207.83
FINANCE,116879.0
INDUSTRIALS,1240620.0
XOM,150.94
ENERGY,259822.0
INDUSTRIALS,1238847.0
META,624.97
TECH,179624.0
INDUSTRIALS,1255593.0
C,77.79
FINANCE,117816.0
INDUSTRIALS,1256530.0
GS,554.69
FINANCE,139500.0
INDUSTRIALS,1278214.0
JPM,251.16
FINANCE,143833.0
INDUSTRIALS,1282547.0
AAPL,175.8
TECH,178236.0
INDUSTRIALS,1279771.0
BP,645.05
ENERGY,253261.0
INDUSTRIALS,1260088.0
C,89.55
FINANCE,145009.0
INDUSTRIALS,1261264.0
BP,546.32
ENERGY,223642.0
INDUSTRIALS,1172407.0
JPM,229.14
FINANCE,142807.0
INDUSTRIALS,1170205.0
JPM,264.34
FINANCE,146327.0
INDUSTRIALS,1173725.0
CVX,162.29
ENERGY,211448.0
INDUSTRIALS,1137143.0
JPM,213.37
FINANCE,141230.0
INDUSTRIALS,1132046.0
META,615.91
TECH,177330.0
INDUSTRIALS,1130234.0
META,721.83
TECH,187922.0
INDUSTRIALS,1151418.0
BP,601.07
ENERGY,227873.0
INDUSTRIALS,1200693.0
XOM,161.56
ENERGY,228935.0
INDUSTRIALS,1203879.0
GOOG,216.87
TECH,189708.0
INDUSTRIALS,1207451.0
C,71.86
FINANCE,139461.0
INDUSTRIALS,1205682.0
C,80.22
FINANCE,140297.0
INDUSTRIALS,1206518.0
GS,453.17
FINANCE,119993.0
INDUSTRIALS,1186214.0
CVX,193.99
ENERGY,235275.0
INDUSTRIALS,1205234.0
AAPL,241.4
TECH,196268.0
INDUSTRIALS,1218354.0
META,555.65
TECH,179650.0
INDUSTRIALS,1185118.0
CVX,167.42
ENERGY,229961.0
INDUSTRIALS,1169176.0
GS,507.31
FINANCE,130821.0
INDUSTRIALS,1180004.0
JPM,208.36
FINANCE,130320.0
INDUSTRIALS,1179503.0
AMZN,234.84
TECH,193531.0
INDUSTRIALS,1207265.0
JPM,206.52
FINANCE,130136.0
INDUSTRIALS,1207081.0
AAPL,195.62
TECH,188953.0
INDUSTRIALS,1197925.0
BP,675.08
ENERGY,252164.0
INDUSTRIALS,1264534.0
C,76.11
FINANCE,129725.0
INDUSTRIALS,1264123.0
XOM,130.81
ENERGY,249089.0
INDUSTRIALS,1254898.0
GS,401.92
FINANCE,108647.0
INDUSTRIALS,1233820.0
GOOG,166.21
TECH,178821.0
INDUSTRIALS,1213556.0
META,683.44
TECH,191600.0
INDUSTRIALS,1239114.0
GOOG,192.3
TECH,196818.0
INDUSTRIALS,1249550.0
CVX,195.58
ENERGY,254721.0
INDUSTRIALS,1266446.0
C,83.8
FINANCE,109416.0
INDUSTRIALS,1267215.0
BP,659.89
ENERGY,250164.0
INDUSTRIALS,1253544.0
AAPL,210.66
TECH,198322.0
INDUSTRIALS,1256552.0
AMZN,262.24
TECH,206542.0
INDUSTRIALS,1272992.0
C,69.04
FINANCE,107940.0
INDUSTRIALS,1271516.0
AMZN,226.05
TECH,195685.0
INDUSTRIALS,1249802.0
CVX,211.64
ENERGY,253376.0
INDUSTRIALS,1259438.0
GOOG,167.0
TECH,190625.0
INDUSTRIALS,1249318.0
C,62.92
FINANCE,107328.0
INDUSTRIALS,1248706.0
META,714.25
TECH,193706.0
INDUSTRIALS,1254868.0
AAPL,212.22
TECH,193862.0
INDUSTRIALS,1255180.0
JPM,225.55
FINANCE,109231.0
INDUSTRIALS,1257083.0
C,69.16
FINANCE,109855.0
INDUSTRIALS,1257707.0
GOOG,195.2
TECH,199502.0
INDUSTRIALS,1268987.0
XOM,153.26
ENERGY,255621.0
INDUSTRIALS,1275722.0
AAPL,197.43
TECH,198023.0
INDUSTRIALS,1272764.0
XOM,137.71
ENERGY,254066.0
INDUSTRIALS,1268099.0
GOOG,215.17
TECH,202017.0
INDUSTRIALS,1276087.0
CVX,174.2
ENERGY,246578.0
INDUSTRIALS,1253623.0
AAPL,177.58
TECH,200032.0
INDUSTRIALS,1249653.0
CVX,160.92
ENERGY,243922.0
INDUSTRIALS,1241685.0
XOM,137.84
ENERGY,243935.0
INDUSTRIALS,1241724.0
CVX,167.27
ENERGY,245205.0
INDUSTRIALS,1245534.0
XOM,138.35
ENERGY,245256.0
INDUSTRIALS,1245687.0
AAPL,174.17
TECH,199691.0
INDUSTRIALS,1245005.0
GOOG,168.34
TECH,190325.0
INDUSTRIALS,1226273.0
C,89.73
FINANCE,111912.0
INDUSTRIALS,1228330.0
CVX,159.15
ENERGY,243632.0
INDUSTRIALS,1223458.0
BP,685.6
ENERGY,251345.0
INDUSTRIALS,1246597.0
GOOG,172.27
TECH,191111.0
INDUSTRIALS,1248169.0
XOM,156.19
ENERGY,253129.0
INDUSTRIALS,1253521.0
CVX,203.17
ENERGY,261933.0
INDUSTRIALS,1279933.0
JPM,286.53
FINANCE,118010.0
INDUSTRIALS,1286031.0
META,594.43
TECH,179129.0
INDUSTRIALS,1262067.0
AAPL,244.02
TECH,186114.0
INDUSTRIALS,1276037.0
AMZN,201.64
TECH,178791.0
INDUSTRIALS,1261391.0
BP,507.66
ENERGY,208551.0
INDUSTRIALS,1101245.0
JPM,223.09
FINANCE,111666.0
INDUSTRIALS,1094901.0
XOM,158.4
ENERGY,208772.0
INDUSTRIALS,1095564.0
AMZN,185.46
TECH,173937.0
INDUSTRIALS,1085856.0
JPM,223.22
FINANCE,111679.0
INDUSTRIALS,1085869.0
GOOG,154.97
TECH,170477.0
INDUSTRIALS,1078949.0
AMZN,233.68
TECH,184943.0
INDUSTRIALS,1107881.0
BP,704.95
ENERGY,267959.0
INDUSTRIALS,1285442.0
AMZN,203.62
TECH,175925.0
INDUSTRIALS,1267406.0
GOOG,166.52
TECH,178235.0
INDUSTRIALS,1272026.0
META,603.77
TECH,179169.0
INDUSTRIALS,1273894.0
GOOG,184.75
TECH,182815.0
INDUSTRIALS,1281186.0
AMZN,213.01
TECH,185632.0
INDUSTRIALS,1286820.0
XOM,158.25
ENERGY,267944.0
INDUSTRIALS,1286775.0
META,554.19
TECH,180674.0
INDUSTRIALS,1276859.0
AAPL,231.11
TECH,179383.0
INDUSTRIALS,1274277.0
GS,578.1
FINANCE,146915.0
INDUSTRIALS,1309513.0
JPM,258.45
FINANCE,150438.0
INDUSTRIALS,1313036.0
CVX,240.37
ENERGY,275384.0
INDUSTRIALS,1335356.0
GOOG,165.34
TECH,175501.0
INDUSTRIALS,1327592.0
XOM,162.01
ENERGY,275760.0
INDUSTRIALS,1328720.0
XOM,151.17
ENERGY,274676.0
INDUSTRIALS,1325468.0
JPM,240.46
FINANCE,148639.0
INDUSTRIALS,1323669.0
C,68.85
FINANCE,146551.0
INDUSTRIALS,1321581.0
AMZN,195.56
TECH,170266.0
INDUSTRIALS,1311111.0
XOM,144.03
ENERGY,273962.0
INDUSTRIALS,1308969.0
AMZN,263.79
TECH,190735.0
INDUSTRIALS,1349907.0
BP,583.32
ENERGY,237473.0
INDUSTRIALS,1240440.0
AAPL,212.49
TECH,188873.0
INDUSTRIALS,1236716.0
CVX,208.57
ENERGY,231113.0
INDUSTRIALS,1217636.0
GOOG,156.97
TECH,187199.0
INDUSTRIALS,1214288.0
META,537.98
TECH,185578.0
INDUSTRIALS,1211046.0
GS,558.45
FINANCE,142621.0
INDUSTRIALS,1207116.0
XOM,122.73
ENERGY,228983.0
INDUSTRIALS,1200726.0
XOM,123.16
ENERGY,229026.0
INDUSTRIALS,1200855.0
META,720.23
TECH,203803.0
INDUSTRIALS,1237305.0
JPM,280.79
FINANCE,146654.0
INDUSTRIALS,1241338.0
GOOG,203.0
TECH,213009.0
INDUSTRIALS,1259750.0
GOOG,199.72
TECH,212353.0
INDUSTRIALS,1258438.0
C,65.61
FINANCE,146330.0
INDUSTRIALS,1258114.0
JPM,213.01
FINANCE,139552.0
INDUSTRIALS,1251336.0
XOM,159.97
ENERGY,232707.0
INDUSTRIALS,1262379.0
XOM,156.33
ENERGY,232343.0
INDUSTRIALS,1261287.0
GOOG,213.09
TECH,215027.0
INDUSTRIALS,1266635.0
C,63.04
FINANCE,139295.0
INDUSTRIALS,1266378.0
BP,701.27
ENERGY,267728.0
INDUSTRIALS,1372533.0
GS,461.2
FINANCE,119845.0
INDUSTRIALS,1353083.0
GS,504.58
FINANCE,128521.0
INDUSTRIALS,1361759.0
BP,519.85
ENERGY,213302.0
INDUSTRIALS,1198481.0
XOM,158.15
ENERGY,213484.0
INDUSTRIALS,1199027.0
C,63.06
FINANCE,128523.0
INDUSTRIALS,1199029.0
JPM,214.29
FINANCE,128651.0
INDUSTRIALS,1199157.0
XOM,129.79
ENERGY,210648.0
INDUSTRIALS,1190649.0
GS,394.78
FINANCE,106691.0
INDUSTRIALS,1168689.0
GOOG,192.11
TECH,210831.0
INDUSTRIALS,1160297.0
C,63.55
FINANCE,106740.0
INDUSTRIALS,1160346.0
GS,480.46
FINANCE,123876.0
INDUSTRIALS,1177482.0
CVX,166.13
ENERGY,202160.0
INDUSTRIALS,1152018.0
GOOG,170.76
TECH,206561.0
INDUSTRIALS,1143478.0
AMZN,189.26
TECH,184202.0
INDUSTRIALS,1098760.0
C,91.68
FINANCE,126689.0
INDUSTRIALS,1101573.0
GOOG,154.89
TECH,181028.0
INDUSTRIALS,1095225.0
BP,561.69
ENERGY,214712.0
INDUSTRIALS,1132881.0
XOM,153.13
ENERGY,217046.0
INDUSTRIALS,1139883.0
JPM,276.52
FINANCE,132912.0
INDUSTRIALS,1146106.0
AAPL,206.24
TECH,180403.0
INDUSTRIALS,1144856.0
GS,401.92
FINANCE,117204.0
INDUSTRIALS,1129148.0
GS,438.34
FINANCE,124488.0
INDUSTRIALS,1136432.0
AMZN,224.65
TECH,191020.0
INDUSTRIALS,1157666.0
AMZN,228.58
TECH,192199.0
INDUSTRIALS,1160024.0
BP,518.72
ENERGY,204155.0
INDUSTRIALS,1121351.0
CVX,193.11
ENERGY,209551.0
INDUSTRIALS,1137539.0
CVX,167.55
ENERGY,204439.0
INDUSTRIALS,1122203.0
META,698.06
TECH,189982.0
INDUSTRIALS,1117769.0
GS,420.76
FINANCE,120972.0
INDUSTRIALS,1114253.0
CVX,178.45
ENERGY,206619.0
INDUSTRIALS,1120793.0
GS,480.03
FINANCE,132826.0
INDUSTRIALS,1132647.0
JPM,265.89
FINANCE,131763.0
INDUSTRIALS,1131584.0
META,596.8
TECH,179856.0
INDUSTRIALS,1111332.0
GOOG,172.53
TECH,183384.0
INDUSTRIALS,1118388.0
XOM,152.75
ENERGY,206581.0
INDUSTRIALS,1118274.0
C,70.98
FINANCE,129693.0
INDUSTRIALS,1116204.0
XOM,145.39
ENERGY,205845.0
INDUSTRIALS,1113996.0
XOM,138.49
ENERGY,205155.0
INDUSTRIALS,1111926.0
AMZN,241.56
TECH,187278.0
INDUSTRIALS,1119714.0
BP,719.67
ENERGY,265440.0
INDUSTRIALS,1300569.0
XOM,129.52
ENERGY,264543.0
INDUSTRIALS,1297878.0
META,598.64
TECH,187462.0
INDUSTRIALS,1298246.0
XOM,143.91
ENERGY,265982.0
INDUSTRIALS,1302563.0
AAPL,215.58
TECH,188396.0
INDUSTRIALS,1304431.0
AMZN,185.74
TECH,171650.0
INDUSTRIALS,1270939.0
XOM,153.1
ENERGY,266901.0
INDUSTRIALS,1273696.0
JPM,267.03
FINANCE,129807.0
INDUSTRIALS,1273810.0
CVX,162.44
ENERGY,263699.0
INDUSTRIALS,1264204.0
GS,432.85
FINANCE,120371.0
INDUSTRIALS,1254768.0
CVX,209.13
ENERGY,273037.0
INDUSTRIALS,1282782.0
AMZN,262.4
TECH,194648.0
INDUSTRIALS,1328778.0
AMZN,215.51
TECH,180581.0
INDUSTRIALS,1300644.0
BP,626.57
ENERGY,245107.0
INDUSTRIALS,1216854.0
BP,703.45
ENERGY,268171.0
INDUSTRIALS,1286046.0
C,72.68
FINANCE,120541.0
INDUSTRIALS,1286216.0
XOM,145.13
ENERGY,267374.0
INDUSTRIALS,1283825.0
JPM,207.44
FINANCE,114582.0
INDUSTRIALS,1277866.0
C,68.38
FINANCE,114152.0
INDUSTRIALS,1277436.0
BP,627.11
ENERGY,244472.0
INDUSTRIALS,1208730.0
AMZN,211.16
TECH,179276.0
INDUSTRIALS,1206120.0
GOOG,164.96
TECH,177762.0
INDUSTRIALS,1203092.0
GOOG,189.6
TECH,182690.0
INDUSTRIALS,1212948.0
AAPL,199.84
TECH,181116.0
INDUSTRIALS,1209800.0
BP,642.37
ENERGY,249050.0
INDUSTRIALS,1223534.0
C,63.36
FINANCE,113650.0
INDUSTRIALS,1223032.0
BP,611.72
ENERGY,239855.0
INDUSTRIALS,1195447.0
JPM,245.51
FINANCE,117457.0
INDUSTRIALS,1199254.0
XOM,132.66
ENERGY,238608.0
INDUSTRIALS,1195513.0
BP,696.8
ENERGY,264132.0
INDUSTRIALS,1272085.0
META,695.18
TECH,190770.0
INDUSTRIALS,1291393.0
GOOG,211.53
TECH,195156.0
INDUSTRIALS,1300165.0
META,604.34
TECH,186072.0
INDUSTRIALS,1281997.0
META,544.57
TECH,180095.0
INDUSTRIALS,1270043.0
XOM,140.76
ENERGY,264942.0
INDUSTRIALS,1272473.0
AAPL,198.03
TECH,179914.0
INDUSTRIALS,1272111.0
GOOG,218.15
TECH,181238.0
INDUSTRIALS,1274759.0
GS,398.53
FINANCE,110593.0
INDUSTRIALS,1267895.0
GOOG,214.75
TECH,180558.0
INDUSTRIALS,1266535.0
GS,400.46
FINANCE,110979.0
INDUSTRIALS,1266921.0
AAPL,171.52
TECH,177907.0
INDUSTRIALS,1261619.0
GOOG,166.1
TECH,168177.0
INDUSTRIALS,1242159.0
AMZN,234.25
TECH,175104.0
INDUSTRIALS,1256013.0
JPM,199.41
FINANCE,106369.0
INDUSTRIALS,1251403.0
CVX,165.29
ENERGY,256174.0
INDUSTRIALS,1225099.0
AMZN,238.25
TECH,176304.0
INDUSTRIALS,1227499.0
META,570.16
TECH,178863.0
INDUSTRIALS,1232617.0
BP,644.06
ENERGY,240352.0
INDUSTRIALS,1185151.0
XOM,160.39
ENERGY,242315.0
INDUSTRIALS,1191040.0
BP,572.48
ENERGY,220841.0
INDUSTRIALS,1126618.0
JPM,230.88
FINANCE,109516.0
INDUSTRIALS,1129765.0
CVX,168.61
ENERGY,221505.0
INDUSTRIALS,1131757.0
XOM,159.38
ENERGY,221404.0
INDUSTRIALS,1131454.0
JPM,287.17
FINANCE,115145.0
INDUSTRIALS,1137083.0
C,79.04
FINANCE,116713.0
INDUSTRIALS,1138651.0
BP,611.7
ENERGY,233170.0
INDUSTRIALS,1173949.0
AAPL,196.61
TECH,181372.0
INDUSTRIALS,1178967.0
GOOG,192.03
TECH,186558.0
INDUSTRIALS,1189339.0
BP,511.5
ENERGY,203110.0
INDUSTRIALS,1099159.0
AMZN,260.37
TECH,193194.0
INDUSTRIALS,1112431.0
AMZN,229.2
TECH,183843.0
INDUSTRIALS,1093729.0
GS,402.72
FINANCE,117165.0
INDUSTRIALS,1094181.0
JPM,297.94
FINANCE,118242.0
INDUSTRIALS,1095258.0
META,533.74
TECH,180201.0
INDUSTRIALS,1087974.0
META,690.54
TECH,195881.0
INDUSTRIALS,1119334.0
BP,515.79
ENERGY,204397.0
INDUSTRIALS,1123195.0
C,71.67
FINANCE,117505.0
INDUSTRIALS,1122458.0
BP,674.63
ENERGY,252049.0
INDUSTRIALS,1265414.0
BP,647.73
ENERGY,243979.0
INDUSTRIALS,1241204.0
JPM,244.76
FINANCE,112187.0
INDUSTRIALS,1235886.0
C,68.17
FINANCE,111837.0
INDUSTRIALS,1235536.0
GOOG,183.87
TECH,194249.0
INDUSTRIALS,1232272.0
JPM,231.87
FINANCE,110548.0
INDUSTRIALS,1230983.0
AMZN,187.64
TECH,181781.0
INDUSTRIALS,1206047.0
AAPL,180.34
TECH,180154.0
INDUSTRIALS,1202793.0
GOOG,160.73
TECH,175526.0
INDUSTRIALS,1193537.0
META,637.15
TECH,170187.0
INDUSTRIALS,1182859.0
C,62.09
FINANCE,109940.0
INDUSTRIALS,1182251.0
C,63.78
FINANCE,110109.0
INDUSTRIALS,1182420.0
GOOG,167.78
TECH,171597.0
INDUSTRIALS,1185240.0
AAPL,201.54
TECH,173717.0
INDUSTRIALS,1189480.0
GOOG,175.76
TECH,175313.0
INDUSTRIALS,1192672.0
AAPL,178.27
TECH,172986.0
INDUSTRIALS,1188018.0
AAPL,178.31
TECH,172990.0
INDUSTRIALS,1188026.0
META,710.56
TECH,180331.0
INDUSTRIALS,1202708.0
AAPL,207.5
TECH,183250.0
INDUSTRIALS,1208546.0
C,69.04
FINANCE,110635.0
INDUSTRIALS,1209072.0
META,544.08
TECH,166602.0
INDUSTRIALS,1175776.0
GOOG,173.34
TECH,166118.0
INDUSTRIALS,1174808.0
CVX,159.41
ENERGY,242139.0
INDUSTRIALS,1169288.0
META,601.81
TECH,171891.0
INDUSTRIALS,1180834.0
GOOG,164.89
TECH,170201.0
INDUSTRIALS,1177454.0
XOM,132.44
ENERGY,239445.0
INDUSTRIALS,1169372.0
CVX,199.93
ENERGY,247549.0
INDUSTRIALS,1193684.0
GS,554.6
FINANCE,141011.0
INDUSTRIALS,1224060.0
GOOG,167.36
TECH,170695.0
INDUSTRIALS,1225048.0
BP,626.55
ENERGY,241195.0
INDUSTRIALS,1205986.0
BP,558.94
ENERGY,220912.0
INDUSTRIALS,1145137.0
AAPL,218.71
TECH,171816.0
INDUSTRIALS,1147379.0
GOOG,191.44
TECH,176632.0
INDUSTRIALS,1157011.0
GS,556.2
FINANCE,141331.0
INDUSTRIALS,1157331.0
CVX,161.26
ENERGY,213178.0
INDUSTRIALS,1134129.0
GOOG,153.55
TECH,169054.0
INDUSTRIALS,1118973.0
GS,447.43
FINANCE,119577.0
INDUSTRIALS,1097219.0
CVX,193.78
ENERGY,219682.0
INDUSTRIALS,1116731.0
XOM,133.27
ENERGY,219765.0
INDUSTRIALS,1116980.0
GS,509.77
FINANCE,132045.0
INDUSTRIALS,1129448.0
BP,542.69
ENERGY,214890.0
INDUSTRIALS,1114823.0
AAPL,174.51
TECH,164634.0
INDUSTRIALS,1105983.0
C,67.32
FINANCE,131873.0
INDUSTRIALS,1105811.0
META,708.06
TECH,175259.0
INDUSTRIALS,1127061.0
CVX,229.03
ENERGY,221940.0
INDUSTRIALS,1148211.0
BP,706.51
ENERGY,271086.0
INDUSTRIALS,1295649.0
AMZN,225.62
TECH,186653.0
INDUSTRIALS,1318437.0
JPM,247.72
FINANCE,133458.0
INDUSTRIALS,1320022.0
AMZN,265.62
TECH,198653.0
INDUSTRIALS,1344022.0
GS,463.6
FINANCE,124224.0
INDUSTRIALS,1334788.0
AAPL,175.11
TECH,198713.0
INDUSTRIALS,1334908.0
AAPL,180.55
TECH,199257.0
INDUSTRIALS,1335996.0
CVX,165.78
ENERGY,258436.0
INDUSTRIALS,1298046.0
BP,552.64
ENERGY,212275.0
INDUSTRIALS,1159563.0
JPM,229.0
FINANCE,122352.0
INDUSTRIALS,1157691.0
AMZN,207.32
TECH,181767.0
INDUSTRIALS,1122711.0
GS,389.2
FINANCE,107472.0
INDUSTRIALS,1107831.0
AMZN,232.63
TECH,189360.0
INDUSTRIALS,1123017.0
BP,695.52
ENERGY,255139.0
INDUSTRIALS,1251609.0
BP,681.1
ENERGY,250813.0
INDUSTRIALS,1238631.0
AMZN,215.4
TECH,184191.0
INDUSTRIALS,1228293.0
C,86.85
FINANCE,109425.0
INDUSTRIALS,1230246.0
BP,584.37
ENERGY,221794.0
INDUSTRIALS,1143189.0
JPM,245.65
FINANCE,111090.0
INDUSTRIALS,1144854.0
GS,391.76
FINANCE,111602.0
INDUSTRIALS,1145366.0
C,63.89
FINANCE,109306.0
INDUSTRIALS,1143070.0
AAPL,235.65
TECH,189701.0
INDUSTRIALS,1154090.0
XOM,134.38
ENERGY,221905.0
INDUSTRIALS,1154423.0
META,611.59
TECH,180054.0
INDUSTRIALS,1135129.0
AMZN,216.3
TECH,180324.0
INDUSTRIALS,1135669.0
AMZN,196.71
TECH,174447.0
INDUSTRIALS,1123915.0
AMZN,216.15
TECH,180279.0
INDUSTRIALS,1135579.0
XOM,120.52
ENERGY,220519.0
INDUSTRIALS,1131421.0
AAPL,199.78
TECH,176692.0
INDUSTRIALS,1124247.0
META,694.99
TECH,185032.0
INDUSTRIALS,1140927.0
XOM,156.11
ENERGY,224078.0
INDUSTRIALS,1151604.0
BP,646.27
ENERGY,242648.0
INDUSTRIALS,1207314.0
BP,628.12
ENERGY,237203.0
INDUSTRIALS,1190979.0
C,84.67
FINANCE,111384.0
INDUSTRIALS,1193057.0
C,74.73
FINANCE,110390.0
INDUSTRIALS,1192063.0
JPM,249.34
FINANCE,110759.0
INDUSTRIALS,1192432.0
C,89.17
FINANCE,112203.0
INDUSTRIALS,1193876.0
BP,510.08
ENERGY,201791.0
INDUSTRIALS,1087640.0
AAPL,209.72
TECH,186026.0
INDUSTRIALS,1089628.0
C,68.93
FINANCE,110179.0
INDUSTRIALS,1087604.0
AMZN,185.1
TECH,176711.0
INDUSTRIALS,1068974.0
BP,623.91
ENERGY,235940.0
INDUSTRIALS,1171421.0
C,76.97
FINANCE,110983.0
INDUSTRIALS,1172225.0
CVX,233.76
ENERGY,249536.0
INDUSTRIALS,1213013.0
META,610.05
TECH,168217.0
INDUSTRIALS,1196025.0
META,723.5
TECH,179562.0
INDUSTRIALS,1218715.0
GS,394.1
FINANCE,111451.0
INDUSTRIALS,1219183.0
BP,521.03
ENERGY,218672.0
INDUSTRIALS,1126591.0
C,63.93
FINANCE,110147.0
INDUSTRIALS,1125287.0
CVX,232.02
ENERGY,218324.0
INDUSTRIALS,1124243.0
GS,553.03
FINANCE,141933.0
INDUSTRIALS,1156029.0
C,68.91
FINANCE,142431.0
INDUSTRIALS,1156527.0
GOOG,217.28
TECH,192308.0
INDUSTRIALS,1182019.0
GOOG,166.13
TECH,182078.0
INDUSTRIALS,1161559.0
GS,441.89
FINANCE,120203.0
INDUSTRIALS,1139331.0
C,89.6
FINANCE,122272.0
INDUSTRIALS,1141400.0
XOM,158.05
ENERGY,218518.0
INDUSTRIALS,1141982.0
AMZN,227.22
TECH,194714.0
INDUSTRIALS,1167254.0
META,606.81
TECH,183045.0
INDUSTRIALS,1143916.0
C,64.1
FINANCE,119722.0
INDUSTRIALS,1141366.0
BP,563.75
ENERGY,231334.0
INDUSTRIALS,1179814.0
BP,713.09
ENERGY,276136.0
INDUSTRIALS,1314220.0
BP,524.02
ENERGY,219415.0
INDUSTRIALS,1144057.0
AAPL,242.28
TECH,186301.0
INDUSTRIALS,1150569.0
AMZN,220.62
TECH,184321.0
INDUSTRIALS,1146609.0
GS,455.88
FINANCE,122520.0
INDUSTRIALS,1149407.0
BP,712.42
ENERGY,275935.0
INDUSTRIALS,1318967.0
GS,401.78
FINANCE,111700.0
INDUSTRIALS,1308147.0
GOOG,173.91
TECH,185877.0
INDUSTRIALS,1311259.0
AAPL,219.96
TECH,183645.0
INDUSTRIALS,1306795.0
C,67.79
FINANCE,112069.0
INDUSTRIALS,1307164.0
GOOG,185.24
TECH,185911.0
INDUSTRIALS,1311696.0
GOOG,164.62
TECH,181787.0
INDUSTRIALS,1303448.0
META,715.16
TECH,192622.0
INDUSTRIALS,1325118.0
AAPL,195.06
TECH,190132.0
INDUSTRIALS,1320138.0
AMZN,182.37
TECH,178657.0
INDUSTRIALS,1297188.0
JPM,249.37
FINANCE,112072.0
INDUSTRIALS,1297191.0
JPM,230.7
FINANCE,110205.0
INDUSTRIALS,1295324.0
XOM,136.58
ENERGY,273788.0
INDUSTRIALS,1288883.0
GS,507.92
FINANCE,131433.0
INDUSTRIALS,1310111.0
CVX,224.7
ENERGY,272324.0
INDUSTRIALS,1305719.0
GOOG,166.87
TECH,179107.0
INDUSTRIALS,1306619.0
C,67.32
FINANCE,131386.0
INDUSTRIALS,1306572.0
AMZN,192.89
TECH,182263.0
INDUSTRIALS,1312884.0
JPM,206.29
FINANCE,128945.0
INDUSTRIALS,1310443.0
C,63.37
FINANCE,128550.0
INDUSTRIALS,1310048.0
JPM,251.79
FINANCE,133100.0
INDUSTRIALS,1314598.0
META,620.48
TECH,172795.0
INDUSTRIALS,1295662.0
GOOG,154.01
TECH,170223.0
INDUSTRIALS,1290518.0
GOOG,175.02
TECH,174425.0
INDUSTRIALS,1298922.0
AMZN,232.57
TECH,186329.0
INDUSTRIALS,1322730.0
AMZN,186.14
TECH,172400.0
INDUSTRIALS,1294872.0
AMZN,263.93
TECH,195737.0
INDUSTRIALS,1341546.0
AAPL,179.77
TECH,194208.0
INDUSTRIALS,1338488.0
JPM,287.75
FINANCE,136696.0
INDUSTRIALS,1342084.0
JPM,271.23
FINANCE,135044.0
INDUSTRIALS,1340432.0
AAPL,195.08
TECH,195739.0
INDUSTRIALS,1343494.0
AMZN,262.17
TECH,195211.0
INDUSTRIALS,1342438.0
CVX,169.19
ENERGY,261222.0
INDUSTRIALS,1309132.0
XOM,158.45
ENERGY,263409.0
INDUSTRIALS,1315693.0
C,69.3
FINANCE,135637.0
INDUSTRIALS,1316286.0
CVX,205.17
ENERGY,270605.0
INDUSTRIALS,1337874.0
JPM,293.46
FINANCE,137860.0
INDUSTRIALS,1340097.0
XOM,161.51
ENERGY,270911.0
INDUSTRIALS,1341015.0
AAPL,173.9
TECH,193093.0
INDUSTRIALS,1336779.0
C,78.58
FINANCE,138788.0
INDUSTRIALS,1337707.0
AMZN,205.18
TECH,175996.0
INDUSTRIALS,1303513.0
AMZN,181.9
TECH,169012.0
INDUSTRIALS,1289545.0
GOOG,157.08
TECH,165424.0
INDUSTRIALS,1282369.0
CVX,243.84
ENERGY,278645.0
INDUSTRIALS,1305571.0
META,684.14
TECH,171790.0
INDUSTRIALS,1318303.0
JPM,293.84
FINANCE,138826.0
INDUSTRIALS,1318341.0
XOM,155.37
ENERGY,278031.0
INDUSTRIALS,1316499.0
GOOG,176.06
TECH,175586.0
INDUSTRIALS,1324091.0
C,63.38
FINANCE,137306.0
INDUSTRIALS,1322571.0
AAPL,193.29
TECH,177525.0
INDUSTRIALS,1326449.0
CVX,165.87
ENERGY,262437.0
INDUSTRIALS,1279667.0
AMZN,195.8
TECH,181695.0
INDUSTRIALS,1288007.0
GOOG,156.19
TECH,177721.0
INDUSTRIALS,1280059.0
META,667.74
TECH,176081.0
INDUSTRIALS,1276779.0
BP,694.21
ENERGY,256974.0
INDUSTRIALS,1260390.0
GOOG,163.01
TECH,177445.0
INDUSTRIALS,1263118.0
CVX,188.63
ENERGY,261526.0
INDUSTRIALS,1276774.0
C,62.15
FINANCE,137183.0
INDUSTRIALS,1276651.0
META,710.47
TECH,181718.0
INDUSTRIALS,1285197.0
JPM,229.78
FINANCE,130777.0
INDUSTRIALS,1278791.0
META,609.49
TECH,171620.0
INDUSTRIALS,1258595.0
BP,621.86
ENERGY,239821.0
INDUSTRIALS,1193480.0
BP,577.42
ENERGY,226489.0
INDUSTRIALS,1153484.0
C,72.44
FINANCE,131806.0
INDUSTRIALS,1154513.0
AMZN,242.09
TECH,185507.0
INDUSTRIALS,1182287.0
BP,713.92
ENERGY,267439.0
INDUSTRIALS,1305137.0
CVX,162.08
ENERGY,262129.0
INDUSTRIALS,1289207.0
BP,541.16
ENERGY,210301.0
INDUSTRIALS,1133723.0
GS,556.26
FINANCE,141474.0
INDUSTRIALS,1143391.0
BP,564.39
ENERGY,217270.0
INDUSTRIALS,1164298.0
C,81.69
FINANCE,142399.0
INDUSTRIALS,1165223.0
GS,419.29
FINANCE,115005.0
INDUSTRIALS,1137829.0
GOOG,194.16
TECH,191737.0
INDUSTRIALS,1150289.0
CVX,162.52
ENERGY,217358.0
INDUSTRIALS,1150553.0
GS,400.33
FINANCE,111213.0
INDUSTRIALS,1146761.0
XOM,124.94
ENERGY,214315.0
INDUSTRIALS,1137632.0
XOM,145.1
ENERGY,216331.0
INDUSTRIALS,1143680.0
GS,497.92
FINANCE,130731.0
INDUSTRIALS,1163198.0
CVX,193.82
ENERGY,222591.0
INDUSTRIALS,1181978.0
GOOG,210.5
TECH,195005.0
INDUSTRIALS,1188514.0
GS,572.81
FINANCE,145709.0
INDUSTRIALS,1203492.0
GS,560.8
FINANCE,143307.0
INDUSTRIALS,1201090.0
XOM,159.87
ENERGY,224068.0
INDUSTRIALS,1205521.0
GS,450.6
FINANCE,121267.0
INDUSTRIALS,1183481.0
AAPL,176.12
TECH,193288.0
INDUSTRIALS,1180047.0
XOM,153.25
ENERGY,223406.0
INDUSTRIALS,1178061.0
JPM,240.57
FINANCE,122346.0
INDUSTRIALS,1179140.0
META,683.66
TECH,200705.0
INDUSTRIALS,1193974.0
AAPL,198.88
TECH,202981.0
INDUSTRIALS,1198526.0
JPM,240.49
FINANCE,122338.0
INDUSTRIALS,1198518.0
JPM,247.49
FINANCE,123038.0
INDUSTRIALS,1199218.0
GS,455.88
FINANCE,124094.0
INDUSTRIALS,1200274.0
CVX,162.7
ENERGY,217182.0
INDUSTRIALS,1181602.0
AAPL,248.06
TECH,207899.0
INDUSTRIALS,1191438.0
META,710.96
TECH,210629.0
INDUSTRIALS,1196898.0
GOOG,202.59
TECH,209047.0
INDUSTRIALS,1193734.0
CVX,219.07
ENERGY,228456.0
INDUSTRIALS,1227556.0
JPM,263.78
FINANCE,125723.0
INDUSTRIALS,1229185.0
CVX,190.8
ENERGY,222802.0
INDUSTRIALS,1212223.0
C,88.62
FINANCE,126416.0
INDUSTRIALS,1212916.0
CVX,184.66
ENERGY,221574.0
INDUSTRIALS,1209232.0
C,71.04
FINANCE,124658.0
INDUSTRIALS,1207474.0
CVX,159.54
ENERGY,216550.0
INDUSTRIALS,1192402.0
GS,521.14
FINANCE,137710.0
INDUSTRIALS,1205454.0
CVX,245.95
ENERGY,233832.0
INDUSTRIALS,1257300.0
AAPL,193.66
TECH,203607.0
INDUSTRIALS,1246420.0
GOOG,157.85
TECH,194659.0
INDUSTRIALS,1228524.0
XOM,163.39
ENERGY,234846.0
INDUSTRIALS,1231566.0
AAPL,184.95
TECH,193788.0
INDUSTRIALS,1229824.0
AMZN,203.25
TECH,182136.0
INDUSTRIALS,1206520.0
CVX,194.52
ENERGY,224560.0
INDUSTRIALS,1175662.0
CVX,215.84
ENERGY,228824.0
INDUSTRIALS,1188454.0
GS,495.1
FINANCE,132502.0
INDUSTRIALS,1183246.0
JPM,215.47
FINANCE,127671.0
INDUSTRIALS,1178415.0
GOOG,171.17
TECH,184800.0
INDUSTRIALS,1183743.0
BP,619.61
ENERGY,245390.0
INDUSTRIALS,1233441.0
JPM,287.77
FINANCE,134901.0
INDUSTRIALS,1240671.0
CVX,199.86
ENERGY,242194.0
INDUSTRIALS,1231083.0
GS,497.48
FINANCE,135377.0
INDUSTRIALS,1231559.0
JPM,216.27
FINANCE,128227.0
INDUSTRIALS,1224409.0
JPM,202.25
FINANCE,126825.0
INDUSTRIALS,1223007.0
CVX,159.33
ENERGY,234088.0
INDUSTRIALS,1198689.0
GOOG,155.13
TECH,181592.0
INDUSTRIALS,1192273.0
GOOG,166.92
TECH,183950.0
INDUSTRIALS,1196989.0
JPM,238.28
FINANCE,130428.0
INDUSTRIALS,1200592.0
CVX,205.22
ENERGY,243266.0
INDUSTRIALS,1228126.0
C,66.19
FINANCE,129943.0
INDUSTRIALS,1227641.0
BP,703.68
ENERGY,268487.0
INDUSTRIALS,1303304.0
XOM,139.21
ENERGY,266069.0
INDUSTRIALS,1296050.0
XOM,135.26
ENERGY,265674.0
INDUSTRIALS,1294865.0
CVX,164.49
ENERGY,257528.0
INDUSTRIALS,1270427.0
AMZN,187.35
TECH,179180.0
INDUSTRIALS,1260887.0
META,596.47
TECH,167731.0
INDUSTRIALS,1237989.0
META,541.02
TECH,162186.0
INDUSTRIALS,1226899.0
AMZN,211.76
TECH,169509.0
INDUSTRIALS,1241545.0
GS,507.92
FINANCE,132031.0
INDUSTRIALS,1243633.0
META,667.75
TECH,182182.0
INDUSTRIALS,1268979.0
META,540.94
TECH,169501.0
INDUSTRIALS,1243617.0
C,68.2
FINANCE,132232.0
INDUSTRIALS,1243818.0
GS,396.97
FINANCE,110042.0
INDUSTRIALS,1221628.0
AMZN,193.34
TECH,163975.0
INDUSTRIALS,1210576.0
AMZN,256.69
TECH,182980.0
INDUSTRIALS,1248586.0
C,88.13
FINANCE,112035.0
INDUSTRIALS,1250579.0
BP,511.16
ENERGY,199772.0
INDUSTRIALS,1077311.0
XOM,149.0
ENERGY,201146.0
INDUSTRIALS,1081433.0
META,700.99
TECH,198985.0
INDUSTRIALS,1113443.0
GS,449.41
FINANCE,122523.0
INDUSTRIALS,1123931.0
GS,397.5
FINANCE,112141.0
INDUSTRIALS,1113549.0
AAPL,216.9
TECH,202180.0
INDUSTRIALS,1119939.0
JPM,201.43
FINANCE,108456.0
INDUSTRIALS,1116254.0
GS,470.1
FINANCE,122976.0
INDUSTRIALS,1130774.0
AMZN,209.35
TECH,187978.0
INDUSTRIALS,1102370.0
AMZN,201.08
TECH,185497.0
INDUSTRIALS,1097408.0
CVX,246.54
ENERGY,217556.0
INDUSTRIALS,1146638.0
CVX,167.15
ENERGY,201678.0
INDUSTRIALS,1099004.0
META,644.84
TECH,179882.0
INDUSTRIALS,1087774.0
GS,511.48
FINANCE,131252.0
INDUSTRIALS,1096050.0
XOM,145.79
ENERGY,201357.0
INDUSTRIALS,1095087.0
AMZN,246.34
TECH,193460.0
INDUSTRIALS,1122243.0
AAPL,177.4
TECH,189510.0
INDUSTRIALS,1114343.0
BP,704.36
ENERGY,259317.0
INDUSTRIALS,1288223.0
CVX,245.65
ENERGY,275017.0
INDUSTRIALS,1335323.0
C,67.08
FINANCE,129147.0
INDUSTRIALS,1333218.0
JPM,290.29
FINANCE,138033.0
INDUSTRIALS,1342104.0
CVX,251.65
ENERGY,276217.0
INDUSTRIALS,1345704.0
BP,657.34
ENERGY,262111.0
INDUSTRIALS,1303386.0
AMZN,199.7
TECH,175518.0
INDUSTRIALS,1275402.0
META,557.52
TECH,166786.0
INDUSTRIALS,1257938.0
GS,500.82
FINANCE,135901.0
INDUSTRIALS,1255806.0
BP,574.78
ENERGY,237343.0
INDUSTRIALS,1181502.0
GOOG,153.59
TECH,164120.0
INDUSTRIALS,1176170.0
JPM,243.55
FINANCE,131227.0
INDUSTRIALS,1171496.0
GS,446.32
FINANCE,120327.0
INDUSTRIALS,1160596.0
JPM,288.77
FINANCE,124849.0
INDUSTRIALS,1165118.0
CVX,159.84
ENERGY,218981.0
INDUSTRIALS,1110032.0
XOM,138.03
ENERGY,218205.0
INDUSTRIALS,1107704.0
GS,439.0
FINANCE,123385.0
INDUSTRIALS,1106240.0
META,617.0
TECH,170068.0
INDUSTRIALS,1118136.0
BP,567.53
ENERGY,216030.0
INDUSTRIALS,1111611.0
GOOG,175.75
TECH,174500.0
INDUSTRIALS,1120475.0
BP,671.73
ENERGY,247290.0
INDUSTRIALS,1214255.0
GS,514.64
FINANCE,138513.0
INDUSTRIALS,1229383.0
AAPL,173.18
TECH,174078.0
INDUSTRIALS,1228539.0
GS,495.55
FINANCE,134695.0
INDUSTRIALS,1224721.0
XOM,132.48
ENERGY,246735.0
INDUSTRIALS,1223056.0
AAPL,198.2
TECH,176580.0
INDUSTRIALS,1228060.0
C,71.06
FINANCE,135093.0
INDUSTRIALS,1228458.0
GS,408.64
FINANCE,117711.0
INDUSTRIALS,1211076.0
GS,493.06
FINANCE,134595.0
INDUSTRIALS,1227960.0
META,697.44
TECH,184624.0
INDUSTRIALS,1244048.0
C,74.17
FINANCE,134906.0
INDUSTRIALS,1244359.0
AMZN,185.8
TECH,180454.0
INDUSTRIALS,1236019.0
XOM,129.73
ENERGY,246460.0
INDUSTRIALS,1235194.0
AMZN,260.95
TECH,202999.0
INDUSTRIALS,1280284.0
META,524.98
TECH,185753.0
INDUSTRIALS,1245792.0
GOOG,164.16
TECH,183435.0
INDUSTRIALS,1241156.0
JPM,279.89
FINANCE,134018.0
INDUSTRIALS,1240268.0
CVX,160.62
ENERGY,246616.0
INDUSTRIALS,1240736.0
BP,526.9
ENERGY,203167.0
INDUSTRIALS,1110389.0
C,72.82
FINANCE,133883.0
INDUSTRIALS,1110254.0
XOM,152.1
ENERGY,205404.0
INDUSTRIALS,1116965.0
GS,461.01
FINANCE,127473.0
INDUSTRIALS,1110555.0
C,64.13
FINANCE,126604.0
INDUSTRIALS,1109686.0
BP,592.07
ENERGY,224955.0
INDUSTRIALS,1168339.0
XOM,151.51
ENERGY,224896.0
INDUSTRIALS,1168162.0
AMZN,263.7
TECH,184260.0
INDUSTRIALS,1169812.0
AMZN,256.08
TECH,181974.0
INDUSTRIALS,1165240.0
AMZN,221.73
TECH,171669.0
INDUSTRIALS,1144630.0
GS,460.09
FINANCE,126420.0
INDUSTRIALS,1144446.0
AMZN,205.88
TECH,166914.0
INDUSTRIALS,1134936.0
JPM,219.59
FINANCE,120390.0
INDUSTRIALS,1128906.0
CVX,166.05
ENERGY,225982.0
INDUSTRIALS,1132164.0
AAPL,219.21
TECH,169015.0
INDUSTRIALS,1136366.0
AAPL,191.46
TECH,166240.0
INDUSTRIALS,1130816.0
JPM,210.19
FINANCE,119450.0
INDUSTRIALS,1129876.0
C,86.77
FINANCE,121714.0
INDUSTRIALS,1132140.0
XOM,130.6
ENERGY,223891.0
INDUSTRIALS,1125867.0
BP,511.57
ENERGY,199741.0
INDUSTRIALS,1053417.0
GS,573.06
FINANCE,144308.0
INDUSTRIALS,1076011.0
BP,695.4
ENERGY,254890.0
INDUSTRIALS,1241458.0
AAPL,175.63
TECH,164657.0
INDUSTRIALS,1238292.0
AAPL,169.98
TECH,164092.0
INDUSTRIALS,1237162.0
GOOG,179.37
TECH,167134.0
INDUSTRIALS,1243246.0
XOM,137.12
ENERGY,255542.0
INDUSTRIALS,1245202.0
JPM,230.18
FINANCE,146307.0
INDUSTRIALS,1247201.0
XOM,138.47
ENERGY,255677.0
INDUSTRIALS,1247606.0
GS,409.59
FINANCE,113613.0
INDUSTRIALS,1214912.0
CVX,243.12
ENERGY,271091.0
INDUSTRIALS,1261154.0
GS,477.4
FINANCE,127175.0
INDUSTRIALS,1274716.0
JPM,292.59
FINANCE,133416.0
INDUSTRIALS,1280957.0
AMZN,197.84
TECH,164722.0
INDUSTRIALS,1276133.0
META,539.1
TECH,166134.0
INDUSTRIALS,1278957.0
GS,560.98
FINANCE,150132.0
INDUSTRIALS,1295673.0
C,63.33
FINANCE,147788.0
INDUSTRIALS,1293329.0
GS,496.08
FINANCE,134808.0
INDUSTRIALS,1280349.0
GOOG,184.67
TECH,167194.0
INDUSTRIALS,1282469.0
XOM,133.82
ENERGY,270626.0
INDUSTRIALS,1281074.0
META,706.63
TECH,183947.0
INDUSTRIALS,1314580.0
META,609.9
TECH,174274.0
INDUSTRIALS,1295234.0
JPM,241.09
FINANCE,129658.0
INDUSTRIALS,1290084.0
META,694.06
TECH,182690.0
INDUSTRIALS,1306916.0
GS,468.29
FINANCE,124100.0
INDUSTRIALS,1301358.0
C,82.58
FINANCE,126025.0
INDUSTRIALS,1303283.0
CVX,166.09
ENERGY,255220.0
INDUSTRIALS,1257065.0
META,608.94
TECH,174178.0
INDUSTRIALS,1240041.0
META,688.06
TECH,182090.0
INDUSTRIALS,1255865.0
CVX,229.81
ENERGY,267964.0
INDUSTRIALS,1294097.0
BP,572.81
ENERGY,231187.0
INDUSTRIALS,1183766.0
AMZN,187.67
TECH,179039.0
INDUSTRIALS,1177664.0
META,733.04
TECH,183537.0
INDUSTRIALS,1186660.0
CVX,235.37
ENERGY,232299.0
INDUSTRIALS,1189996.0
JPM,267.23
FINANCE,128639.0
INDUSTRIALS,1192610.0
XOM,145.74
ENERGY,233491.0
INDUSTRIALS,1196186.0
META,726.37
TECH,182870.0
INDUSTRIALS,1194852.0
CVX,209.55
ENERGY,228327.0
INDUSTRIALS,1179360.0
GOOG,219.69
TECH,189874.0
INDUSTRIALS,1193368.0
BP,714.58
ENERGY,270858.0
INDUSTRIALS,1320961.0
XOM,163.1
ENERGY,272594.0
INDUSTRIALS,1326169.0
JPM,210.84
FINANCE,123000.0
INDUSTRIALS,1320530.0
AAPL,219.18
TECH,194794.0
INDUSTRIALS,1330370.0
C,72.55
FINANCE,121997.0
INDUSTRIALS,1329367.0
JPM,255.22
FINANCE,126435.0
INDUSTRIALS,1333805.0
GOOG,166.29
TECH,184114.0
INDUSTRIALS,1312445.0
XOM,158.41
ENERGY,272125.0
INDUSTRIALS,1311038.0
AAPL,179.02
TECH,180098.0
INDUSTRIALS,1303006.0
META,719.98
TECH,179459.0
INDUSTRIALS,1301728.0
GOOG,186.95
TECH,183591.0
INDUSTRIALS,1309992.0
GOOG,187.64
TECH,183729.0
INDUSTRIALS,1310268.0
XOM,137.97
ENERGY,270081.0
INDUSTRIALS,1304136.0
AMZN,211.9
TECH,190998.0
INDUSTRIALS,1318674.0
CVX,167.65
ENERGY,261701.0
INDUSTRIALS,1293534.0
GS,506.92
FINANCE,134161.0
INDUSTRIALS,1301260.0
META,658.89
TECH,184889.0
INDUSTRIALS,1289042.0
CVX,168.55
ENERGY,261881.0
INDUSTRIALS,1289582.0
META,720.22
TECH,191022.0
INDUSTRIALS,1301848.0
CVX,175.87
ENERGY,263345.0
INDUSTRIALS,1306240.0
CVX,160.03
ENERGY,260177.0
INDUSTRIALS,1296736.0
BP,681.6
ENERGY,250283.0
INDUSTRIALS,1267054.0
BP,669.18
ENERGY,246557.0
INDUSTRIALS,1255876.0
C,82.85
FINANCE,135191.0
INDUSTRIALS,1256906.0
BP,670.85
ENERGY,247058.0
INDUSTRIALS,1258409.0
AAPL,174.82
TECH,190602.0
INDUSTRIALS,1257569.0
C,79.78
FINANCE,134884.0
INDUSTRIALS,1257262.0
AAPL,239.86
TECH,197106.0
INDUSTRIALS,1270270.0
AAPL,222.28
TECH,195348.0
INDUSTRIALS,1266754.0
XOM,148.86
ENERGY,248147.0
INDUSTRIALS,1270021.0
BP,668.3
ENERGY,247382.0
INDUSTRIALS,1267726.0
AMZN,188.26
TECH,188256.0
INDUSTRIALS,1253542.0
AAPL,206.57
TECH,186685.0
INDUSTRIALS,1250400.0
CVX,160.27
ENERGY,247430.0
INDUSTRIALS,1250544.0
AAPL,200.8
TECH,186108.0
INDUSTRIALS,1249390.0
META,706.86
TECH,184772.0
INDUSTRIALS,1246718.0
CVX,243.92
ENERGY,264160.0
INDUSTRIALS,1296908.0
BP,703.05
ENERGY,274585.0
INDUSTRIALS,1328183.0
C,67.94
FINANCE,133700.0
INDUSTRIALS,1326999.0
AMZN,252.08
TECH,203918.0
INDUSTRIALS,1365291.0
META,601.1
TECH,193342.0
INDUSTRIALS,1344139.0
BP,510.92
ENERGY,216946.0
INDUSTRIALS,1171222.0
CVX,175.06
ENERGY,203174.0
INDUSTRIALS,1129906.0
BP,626.12
ENERGY,237734.0
INDUSTRIALS,1233586.0
JPM,221.28
FINANCE,130306.0
INDUSTRIALS,1230192.0
META,709.39
TECH,204171.0
INDUSTRIALS,1251850.0
XOM,147.68
ENERGY,237616.0
INDUSTRIALS,1251496.0
XOM,161.35
ENERGY,238983.0
INDUSTRIALS,1255597.0
C,64.25
FINANCE,129937.0
INDUSTRIALS,1255228.0
GOOG,186.35
TECH,203913.0
INDUSTRIALS,1254712.0
CVX,221.53
ENERGY,248277.0
INDUSTRIALS,1282594.0
C,79.85
FINANCE,131497.0
INDUSTRIALS,1284154.0
AMZN,225.69
TECH,195996.0
INDUSTRIALS,1268320.0
JPM,207.17
FINANCE,130086.0
INDUSTRIALS,1266909.0
JPM,251.35
FINANCE,134504.0
INDUSTRIALS,1271327.0
BP,516.18
ENERGY,215295.0
INDUSTRIALS,1172381.0
META,606.28
TECH,185685.0
INDUSTRIALS,1151759.0
GS,489.93
FINANCE,131106.0
INDUSTRIALS,1148361.0
GS,440.53
FINANCE,121226.0
INDUSTRIALS,1138481.0
CVX,235.13
ENERGY,218015.0
INDUSTRIALS,1146641.0
XOM,157.25
ENERGY,217605.0
INDUSTRIALS,1145411.0
AMZN,185.26
TECH,173556.0
INDUSTRIALS,1121153.0
GS,496.14
FINANCE,132348.0
INDUSTRIALS,1132275.0
GS,403.36
FINANCE,113792.0
INDUSTRIALS,1113719.0
C,67.01
FINANCE,112508.0
INDUSTRIALS,1112435.0
AAPL,170.86
TECH,170562.0
INDUSTRIALS,1106447.0
META,586.24
TECH,168558.0
INDUSTRIALS,1102439.0
AMZN,245.11
TECH,186513.0
INDUSTRIALS,1138349.0
AMZN,258.33
TECH,190479.0
INDUSTRIALS,1146281.0
XOM,160.71
ENERGY,217951.0
INDUSTRIALS,1147319.0
AAPL,197.17
TECH,193110.0
INDUSTRIALS,1152581.0
META,531.43
TECH,187629.0
INDUSTRIALS,1141619.0
CVX,202.99
ENERGY,211523.0
INDUSTRIALS,1122335.0
C,89.77
FINANCE,114784.0
INDUSTRIALS,1124611.0
JPM,246.74
FINANCE,114323.0
INDUSTRIALS,1124150.0
GOOG,203.83
TECH,191125.0
INDUSTRIALS,1131142.0
GS,513.24
FINANCE,136299.0
INDUSTRIALS,1153118.0
CVX,229.98
ENERGY,216921.0
INDUSTRIALS,1169312.0
C,68.55
FINANCE,134177.0
INDUSTRIALS,1167190.0
C,64.72
FINANCE,133794.0
INDUSTRIALS,1166807.0
BP,668.29
ENERGY,262554.0
INDUSTRIALS,1303706.0
GOOG,174.94
TECH,185347.0
INDUSTRIALS,1292150.0
BP,607.08
ENERGY,244191.0
INDUSTRIALS,1237061.0
GS,554.05
FINANCE,141956.0
INDUSTRIALS,1245223.0
BP,605.46
ENERGY,243705.0
INDUSTRIALS,1243765.0
XOM,157.57
ENERGY,243391.0
INDUSTRIALS,1242823.0
BP,625.02
ENERGY,249259.0
INDUSTRIALS,1260427.0
CVX,223.0
ENERGY,247863.0
INDUSTRIALS,1256239.0
BP,576.07
ENERGY,233178.0
INDUSTRIALS,1212184.0
AAPL,197.63
TECH,185393.0
INDUSTRIALS,1212276.0
GOOG,210.4
TECH,192485.0
INDUSTRIALS,1226460.0
CVX,162.76
ENERGY,221130.0
INDUSTRIALS,1190316.0
XOM,160.92
ENERGY,221465.0
INDUSTRIALS,1191321.0
JPM,245.06
FINANCE,141788.0
INDUSTRIALS,1191153.0
C,88.78
FINANCE,144194.0
INDUSTRIALS,1193559.0
C,73.4
FINANCE,142656.0
INDUSTRIALS,1192021.0
META,544.13
TECH,193755.0
INDUSTRIALS,1194561.0
JPM,264.65
FINANCE,144615.0
INDUSTRIALS,1196520.0
META,619.03
TECH,201245.0
INDUSTRIALS,1211500.0
GS,548.96
FINANCE,143597.0
INDUSTRIALS,1210482.0
AMZN,198.55
TECH,183311.0
INDUSTRIALS,1174614.0
AMZN,186.29
TECH,179633.0
INDUSTRIALS,1167258.0
GOOG,167.69
TECH,171091.0
INDUSTRIALS,1150174.0
GS,493.29
FINANCE,132463.0
INDUSTRIALS,1139040.0
XOM,160.31
ENERGY,221404.0
INDUSTRIALS,1138857.0
C,63.33
FINANCE,131456.0
INDUSTRIALS,1137850.0
XOM,143.76
ENERGY,219749.0
INDUSTRIALS,1132885.0
JPM,205.43
FINANCE,125534.0
INDUSTRIALS,1126963.0
GS,401.67
FINANCE,107210.0
INDUSTRIALS,1108639.0
AAPL,206.69
TECH,171997.0
INDUSTRIALS,1110451.0
JPM,239.88
FINANCE,110655.0
INDUSTRIALS,1113896.0
JPM,232.11
FINANCE,109878.0
INDUSTRIALS,1113119.0
AAPL,174.81
TECH,168809.0
INDUSTRIALS,1106743.0
GS,508.68
FINANCE,131280.0
INDUSTRIALS,1128145.0
BP,676.09
ENERGY,249755.0
INDUSTRIALS,1218163.0
BP,711.07
ENERGY,260249.0
INDUSTRIALS,1249645.0
AMZN,261.97
TECH,191513.0
INDUSTRIALS,1295053.0
META,697.87
TECH,199397.0
INDUSTRIALS,1310821.0
AAPL,171.27
TECH,199043.0
INDUSTRIALS,1310113.0
AMZN,260.39
TECH,198569.0
INDUSTRIALS,1309165.0
GOOG,174.24
TECH,199879.0
INDUSTRIALS,1311785.0
AMZN,204.15
TECH,183007.0
INDUSTRIALS,1278041.0
META,561.04
TECH,169324.0
INDUSTRIALS,1250675.0
GS,446.92
FINANCE,118928.0
INDUSTRIALS,1238323.0
BP,677.71
ENERGY,250241.0
INDUSTRIALS,1208299.0
XOM,146.21
ENERGY,250486.0
INDUSTRIALS,1209034.0
GS,564.72
FINANCE,142488.0
INDUSTRIALS,1232594.0
C,77.49
FINANCE,143904.0
INDUSTRIALS,1234010.0
JPM,231.39
FINANCE,143832.0
INDUSTRIALS,1233938.0
AAPL,168.97
TECH,169094.0
INDUSTRIALS,1233478.0
BP,676.1
ENERGY,250003.0
INDUSTRIALS,1232029.0
BP,607.87
ENERGY,229534.0
INDUSTRIALS,1170622.0
META,627.77
TECH,175767.0
INDUSTRIALS,1183968.0
XOM,157.19
ENERGY,230632.0
INDUSTRIALS,1187262.0
META,608.18
TECH,173808.0
INDUSTRIALS,1183344.0
META,621.3
TECH,175120.0
INDUSTRIALS,1185968.0
AMZN,243.15
TECH,186820.0
INDUSTRIALS,1209368.0
C,88.88
FINANCE,144971.0
INDUSTRIALS,1210507.0
META,607.33
TECH,185423.0
INDUSTRIALS,1207713.0
META,531.02
TECH,177792.0
INDUSTRIALS,1192451.0
AAPL,172.01
TECH,178096.0
INDUSTRIALS,1193059.0
XOM,160.37
ENERGY,230950.0
INDUSTRIALS,1194013.0
JPM,210.2
FINANCE,142852.0
INDUSTRIALS,1191894.0
AAPL,193.12
TECH,180207.0
INDUSTRIALS,1196116.0
META,727.03
TECH,199808.0
INDUSTRIALS,1235318.0
JPM,203.75
FINANCE,142207.0
INDUSTRIALS,1234673.0
C,89.03
FINANCE,142222.0
INDUSTRIALS,1234688.0
AMZN,186.41
TECH,182786.0
INDUSTRIALS,1200644.0
XOM,129.32
ENERGY,227845.0
INDUSTRIALS,1191329.0
BP,712.79
ENERGY,259321.0
INDUSTRIALS,1285757.0
META,577.11
TECH,167794.0
INDUSTRIALS,1255773.0
AMZN,188.09
TECH,168298.0
INDUSTRIALS,1256781.0
AAPL,170.03
TECH,165989.0
INDUSTRIALS,1252163.0
BP,699.72
ENERGY,255400.0
INDUSTRIALS,1240400.0
GOOG,208.95
TECH,172931.0
INDUSTRIALS,1254284.0
META,532.29
TECH,168449.0
INDUSTRIALS,1245320.0
CVX,162.69
ENERGY,255386.0
INDUSTRIALS,1245278.0
JPM,215.94
FINANCE,143441.0
INDUSTRIALS,1246497.0
GOOG,202.61
TECH,167181.0
INDUSTRIALS,1243961.0
GS,461.98
FINANCE,122893.0
INDUSTRIALS,1223413.0
JPM,224.24
FINANCE,123723.0
INDUSTRIALS,1224243.0
AAPL,207.58
TECH,170936.0
INDUSTRIALS,1231753.0
GS,510.81
FINANCE,133489.0
INDUSTRIALS,1241519.0
AAPL,176.27
TECH,167805.0
INDUSTRIALS,1235257.0
AMZN,192.94
TECH,169260.0
INDUSTRIALS,1238167.0
GS,421.88
FINANCE,115703.0
INDUSTRIALS,1220381.0
XOM,164.38
ENERGY,258892.0
INDUSTRIALS,1230899.0
GOOG,182.46
TECH,165230.0
INDUSTRIALS,1222839.0
XOM,159.86
ENERGY,258440.0
INDUSTRIALS,1221483.0
CVX,161.28
ENERGY,258158.0
INDUSTRIALS,1220637.0
JPM,207.65
FINANCE,114044.0
INDUSTRIALS,1218978.0
XOM,125.11
ENERGY,254683.0
INDUSTRIALS,1208553.0
META,649.15
TECH,176916.0
INDUSTRIALS,1231925.0
CVX,160.1
ENERGY,254447.0
INDUSTRIALS,1231217.0
JPM,286.86
FINANCE,121965.0
INDUSTRIALS,1239138.0
GOOG,165.17
TECH,173458.0
INDUSTRIALS,1232222.0
XOM,155.83
ENERGY,257519.0
INDUSTRIALS,1241438.0
AAPL,242.49
TECH,180080.0
INDUSTRIALS,1254682.0
GOOG,157.8
TECH,178606.0
INDUSTRIALS,1251734.0
META,710.98
TECH,184789.0
INDUSTRIALS,1264100.0
XOM,141.84
ENERGY,256120.0
INDUSTRIALS,1259903.0
XOM,142.76
ENERGY,256212.0
INDUSTRIALS,1260179.0
CVX,159.74
ENERGY,256140.0
INDUSTRIALS,1259963.0
CVX,244.61
ENERGY,273114.0
INDUSTRIALS,1310885.0
CVX,160.69
ENERGY,256330.0
INDUSTRIALS,1260533.0
XOM,137.86
ENERGY,255840.0
INDUSTRIALS,1259063.0
META,601.95
TECH,173886.0
INDUSTRIALS,1237257.0
AAPL,212.84
TECH,170921.0
INDUSTRIALS,1231327.0
GOOG,165.69
TECH,172499.0
INDUSTRIALS,1234483.0
AAPL,197.87
TECH,171002.0
INDUSTRIALS,1231489.0
GOOG,155.75
TECH,169014.0
INDUSTRIALS,1227513.0
META,622.11
TECH,171030.0
INDUSTRIALS,1231545.0
GS,451.99
FINANCE,127987.0
INDUSTRIALS,1237567.0
XOM,160.7
ENERGY,258124.0
INDUSTRIALS,1244419.0
CVX,167.24
ENERGY,259434.0
INDUSTRIALS,1248349.0
C,69.22
FINANCE,126006.0
INDUSTRIALS,1246368.0
C,82.54
FINANCE,127338.0
INDUSTRIALS,1247700.0
JPM,216.83
FINANCE,120335.0
INDUSTRIALS,1240697.0
XOM,144.36
ENERGY,257800.0
INDUSTRIALS,1235795.0
C,89.96
FINANCE,121077.0
INDUSTRIALS,1236537.0
XOM,146.39
ENERGY,258003.0
INDUSTRIALS,1237146.0
XOM,160.25
ENERGY,259389.0
INDUSTRIALS,1241304.0
GS,396.41
FINANCE,109961.0
INDUSTRIALS,1230188.0
CVX,241.76
ENERGY,274293.0
INDUSTRIALS,1274900.0
GOOG,174.71
TECH,174822.0
INDUSTRIALS,1282484.0
META,664.22
TECH,179033.0
INDUSTRIALS,1290906.0
AAPL,171.89
TECH,176435.0
INDUSTRIALS,1285710.0
JPM,205.08
FINANCE,108786.0
INDUSTRIALS,1284535.0
GOOG,176.21
TECH,176735.0
INDUSTRIALS,1285135.0
META,533.89
TECH,163702.0
INDUSTRIALS,1259069.0
C,84.62
FINANCE,108252.0
INDUSTRIALS,1258535.0
AAPL,233.31
TECH,169844.0
INDUSTRIALS,1270819.0
C,73.3
FINANCE,107120.0
INDUSTRIALS,1269687.0
AMZN,225.99
TECH,179759.0
INDUSTRIALS,1289517.0
JPM,227.39
FINANCE,109351.0
INDUSTRIALS,1291748.0
XOM,141.69
ENERGY,272437.0
INDUSTRIALS,1286180.0
CVX,188.77
ENERGY,261839.0
INDUSTRIALS,1254386.0
JPM,215.76
FINANCE,108188.0
INDUSTRIALS,1253223.0
AAPL,179.96
TECH,174424.0
INDUSTRIALS,1242553.0
AAPL,225.48
TECH,178976.0
INDUSTRIALS,1251657.0
AAPL,210.96
TECH,177524.0
INDUSTRIALS,1248753.0
AAPL,231.94
TECH,179622.0
INDUSTRIALS,1252949.0
GOOG,216.86
TECH,187752.0
INDUSTRIALS,1269209.0
XOM,128.82
ENERGY,260552.0
INDUSTRIALS,1265348.0
GOOG,192.76
TECH,182932.0
INDUSTRIALS,1255708.0
C,88.14
FINANCE,109672.0
INDUSTRIALS,1257192.0
GOOG,155.23
TECH,175426.0
INDUSTRIALS,1242180.0
META,647.76
TECH,186813.0
INDUSTRIALS,1264954.0
XOM,135.56
ENERGY,261226.0
INDUSTRIALS,1266976.0
META,537.46
TECH,175783.0
INDUSTRIALS,1244916.0
META,612.12
TECH,183249.0
INDUSTRIALS,1259848.0
JPM,213.82
FINANCE,109478.0
INDUSTRIALS,1259654.0
META,553.89
TECH,177426.0
INDUSTRIALS,1248008.0
GS,558.54
FINANCE,141904.0
INDUSTRIALS,1280434.0
C,88.16
FINANCE,141906.0
INDUSTRIALS,1280436.0
AAPL,175.99
TECH,171831.0
INDUSTRIALS,1269246.0
CVX,163.21
ENERGY,256114.0
INDUSTRIALS,1253910.0
AMZN,186.43
TECH,159963.0
INDUSTRIALS,1230174.0
C,73.32
FINANCE,140422.0
INDUSTRIALS,1228690.0
AMZN,182.27
TECH,158715.0
INDUSTRIALS,1226194.0
CVX,180.68
ENERGY,259608.0
INDUSTRIALS,1236676.0
AAPL,213.86
TECH,162502.0
INDUSTRIALS,1244250.0
JPM,246.98
FINANCE,143738.0
INDUSTRIALS,1247566.0
GS,568.72
FINANCE,145774.0
INDUSTRIALS,1249602.0
XOM,129.62
ENERGY,259014.0
INDUSTRIALS,1247820.0
JPM,242.1
FINANCE,145286.0
INDUSTRIALS,1247332.0
BP,558.05
ENERGY,216513.0
INDUSTRIALS,1119829.0
GOOG,184.7
TECH,168396.0
INDUSTRIALS,1131617.0
AMZN,242.48
TECH,186459.0
INDUSTRIALS,1167743.0
CVX,250.08
ENERGY,230393.0
INDUSTRIALS,1209383.0
AAPL,198.98
TECH,184971.0
INDUSTRIALS,1206407.0
GOOG,159.08
TECH,179847.0
INDUSTRIALS,1196159.0
AAPL,173.45
TECH,177294.0
INDUSTRIALS,1191053.0
AAPL,168.47
TECH,176796.0
INDUSTRIALS,1190057.0
BP,519.73
ENERGY,218897.0
INDUSTRIALS,1155569.0
GOOG,164.68
TECH,177916.0
INDUSTRIALS,1157809.0
AMZN,237.85
TECH,176527.0
INDUSTRIALS,1155031.0
AAPL,178.87
TECH,177567.0
INDUSTRIALS,1157111.0
AAPL,228.25
TECH,182505.0
INDUSTRIALS,1166987.0
GS,444.38
FINANCE,120418.0
INDUSTRIALS,1142119.0
AMZN,217.8
TECH,176490.0
INDUSTRIALS,1130089.0
JPM,233.34
FINANCE,119542.0
INDUSTRIALS,1129213.0
BP,622.42
ENERGY,249704.0
INDUSTRIALS,1221634.0
GOOG,209.75
TECH,185504.0
INDUSTRIALS,1239662.0
GS,463.02
FINANCE,123270.0
INDUSTRIALS,1243390.0
XOM,159.73
ENERGY,252715.0
INDUSTRIALS,1252423.0
GOOG,170.33
TECH,177620.0
INDUSTRIALS,1236655.0
JPM,293.03
FINANCE,129239.0
INDUSTRIALS,1242624.0
C,85.43
FINANCE,130450.0
INDUSTRIALS,1243835.0
CVX,193.03
ENERGY,241305.0
INDUSTRIALS,1209605.0
GOOG,216.33
TECH,186820.0
INDUSTRIALS,1228005.0
CVX,168.73
ENERGY,236445.0
INDUSTRIALS,1213425.0
C,89.88
FINANCE,130895.0
INDUSTRIALS,1213870.0
BP,657.89
ENERGY,247086.0
INDUSTRIALS,1245793.0
GS,398.22
FINANCE,117935.0
INDUSTRIALS,1232833.0
AMZN,181.61
TECH,175963.0
INDUSTRIALS,1211119.0
CVX,245.75
ENERGY,262490.0
INDUSTRIALS,1257331.0
BP,523.05
ENERGY,222038.0
INDUSTRIALS,1135975.0
AAPL,175.34
TECH,170672.0
INDUSTRIALS,1125393.0
GOOG,186.25
TECH,164656.0
INDUSTRIALS,1113361.0
GOOG,177.05
TECH,162816.0
INDUSTRIALS,1109681.0
AMZN,209.86
TECH,171291.0
INDUSTRIALS,1126631.0
META,705.98
TECH,186500.0
INDUSTRIALS,1157049.0
AAPL,175.01
TECH,186467.0
INDUSTRIALS,1156983.0
AAPL,174.44
TECH,186410.0
INDUSTRIALS,1156869.0
JPM,214.92
FINANCE,110124.0
INDUSTRIALS,1149058.0
AAPL,172.73
TECH,186239.0
INDUSTRIALS,1148716.0
AAPL,205.64
TECH,189530.0
INDUSTRIALS,1155298.0
GS,442.48
FINANCE,118976.0
INDUSTRIALS,1164150.0
GOOG,194.23
TECH,192966.0
INDUSTRIALS,1171022.0
AAPL,226.52
TECH,195054.0
INDUSTRIALS,1175198.0
GS,548.38
FINANCE,140156.0
INDUSTRIALS,1196378.0
META,689.66
TECH,193422.0
INDUSTRIALS,1193114.0
AMZN,237.14
TECH,201606.0
INDUSTRIALS,1209482.0
GS,510.09
FINANCE,132498.0
INDUSTRIALS,1201824.0
JPM,229.01
FINANCE,133907.0
INDUSTRIALS,1203233.0
GS,452.18
FINANCE,122325.0
INDUSTRIALS,1191651.0
JPM,230.17
FINANCE,122441.0
INDUSTRIALS,1191767.0
JPM,223.96
FINANCE,121820.0
INDUSTRIALS,1191146.0
META,617.63
TECH,194403.0
INDUSTRIALS,1176740.0
CVX,194.46
ENERGY,211780.0
INDUSTRIALS,1145966.0
JPM,218.01
FINANCE,121225.0
INDUSTRIALS,1145371.0
AAPL,180.66
TECH,189817.0
INDUSTRIALS,1136199.0
AMZN,212.41
TECH,182398.0
INDUSTRIALS,1121361.0
CVX,170.77
ENERGY,207042.0
INDUSTRIALS,1107147.0
CVX,177.89
ENERGY,208466.0
INDUSTRIALS,1111419.0
BP,544.37
ENERGY,214862.0
INDUSTRIALS,1130607.0
GS,453.23
FINANCE,121435.0
INDUSTRIALS,1130817.0
AMZN,257.38
TECH,195889.0
INDUSTRIALS,1157799.0
GS,392.83
FINANCE,109355.0
INDUSTRIALS,1145719.0
XOM,159.47
ENERGY,214836.0
INDUSTRIALS,1145641.0
GS,536.15
FINANCE,138019.0
INDUSTRIALS,1174305.0
BP,533.02
ENERGY,211431.0
INDUSTRIALS,1164090.0
BP,576.82
ENERGY,224571.0
INDUSTRIALS,1203510.0
XOM,156.36
ENERGY,224260.0
INDUSTRIALS,1202577.0
XOM,152.91
ENERGY,223915.0
INDUSTRIALS,1201542.0
C,69.28
FINANCE,135959.0
INDUSTRIALS,1199482.0
GOOG,155.34
TECH,188111.0
INDUSTRIALS,1183926.0
CVX,167.91
ENERGY,221919.0
INDUSTRIALS,1177938.0
C,70.9
FINANCE,136121.0
INDUSTRIALS,1178100.0
AMZN,216.99
TECH,175994.0
INDUSTRIALS,1153866.0
